gamma,survival_prob,fidelity_proxy
0.0,1.0,1.0
0.2,0.65,0.30000000000000004
0.4,0.09,0.0
0.5,0.0,0.0
0.535,0.01,0.0
0.6,0.09,0.0
0.8,0.65,0.30000000000000004
